<?xml version="1.0" encoding="UTF-8"?>
<project-private xmlns="http://www.netbeans.org/ns/project-private/1">
    <editor-bookmarks xmlns="http://www.netbeans.org/ns/editor-bookmarks/2" lastBookmarkId="0"/>
    <open-files xmlns="http://www.netbeans.org/ns/projectui-open-files/2">
        <group>
            <file>file:/home/marcelo/Dropbox/UDESC/1-Ensino/Disciplinas/Programação%20I/2-exercicios/solucoes/dependencia/RelatorioPessoas/src/RelatorioPessoas/Pessoa.java</file>
            <file>file:/home/marcelo/Dropbox/UDESC/1-Ensino/Disciplinas/Programação%20I/2-exercicios/solucoes/dependencia/RelatorioPessoas/src/RelatorioPessoas/Aplicacao.java</file>
            <file>file:/home/marcelo/Dropbox/UDESC/1-Ensino/Disciplinas/Programação%20I/2-exercicios/solucoes/dependencia/RelatorioPessoas/src/RelatorioPessoas/Relatorio.java</file>
            <file>file:/home/marcelo/Dropbox/UDESC/1-Ensino/Disciplinas/Programação%20I/2-exercicios/solucoes/dependencia/RelatorioPessoas/src/RelatorioPessoas/Main.java</file>
            <file>file:/home/marcelo/Dropbox/UDESC/1-Ensino/Disciplinas/Programação%20I/2-exercicios/solucoes/dependencia/RelatorioPessoas/src/RelatorioPessoas/Filtro.java</file>
        </group>
    </open-files>
</project-private>
